{"accuracy": [0.6022334694862366, 0.858752429485321, 0.9158973097801208, 0.939184844493866, 0.9553310871124268, 0.9647912383079529, 0.9728003144264221, 0.9753040671348572, 0.9804964661598206, 0.9820755124092102], "loss": [1.3486835956573486, 0.4483242630958557, 0.2633760869503021, 0.18436799943447113, 0.1371021270751953, 0.1072854995727539, 0.0844394639134407, 0.07360072433948517, 0.060738131403923035, 0.056587040424346924], "val_accuracy": [0.8437286615371704, 0.8817436695098877, 0.9243113994598389, 0.9479854106903076, 0.9548144936561584, 0.9591395258903503, 0.9594810009002686, 0.969041645526886, 0.9646027684211731, 0.9701798558235168], "val_loss": [0.49636539816856384, 0.37883082032203674, 0.22969572246074677, 0.15809616446495056, 0.13491684198379517, 0.11960567533969879, 0.12942849099636078, 0.09968064725399017, 0.11496497690677643, 0.0973958969116211]}